,name,acc,acc_std,val_acc,val_acc_std,loss,loss_std,val_loss,val_loss_std
0,AlexNet,0.57265625,0.01987867712397429,0.565625,0.0209089123865279,0.6729310758411884,0.28273539455501945,0.6635342061519622,0.010941723337356959
0,VGG16,0.484375,0.011979433873831434,0.5,0.0001554667870479116,0.6935124441981315,18.154606929450622,0.6931561037898064,0.008287286996256167
0,ResNet50,0.81015625,0.05494513198907502,0.71875,0.06305669262160045,0.42258811593055723,0.12790009677776096,0.7051404975354671,1.3101349707096452
0,GoogLeNet,0.79375,0.06540982720972031,0.690625,0.05548459280793633,0.7146215040236712,0.1652898348971277,0.8825415804982185,0.3709488674796938
0,AlexNet Pretrained,0.7203125,0.05400624783011221,0.6875,0.04305568194845919,0.5441857166588306,0.27248226109343027,0.6275933817028999,0.13605491750250157
0,VGG16 Pretrained,0.6921875,0.06432094210869428,0.7375,0.05993256912394858,0.7049500703811645,0.2927537861953221,0.5340496398508549,0.18283716027160107
0,ResNet50 Pretrained,0.7640625,0.05655064188544856,0.64375,0.045569344800500206,0.4871453016996384,0.059737572481721096,0.605624932050705,0.042968572691603514
0,GoogLeNet Pretrained,0.7140625,0.049438914205238854,0.70625,0.048283168954583705,0.5373437672853469,0.04406909766798643,0.5535550452768803,0.03892935839396154
